{
  "cameraGrain" : 0.31595587730407715,
  "exposureDuration" : 0.0099999997764825821,
  "cameraPoseARFrame" : [
    0.9716489315032959,
    0.12825389206409454,
    -0.19861848652362823,
    -0.042995881289243698,
    0.071566954255104065,
    0.64111864566802979,
    0.76409757137298584,
    0.69916224479675293,
    0.22533650696277618,
    -0.75664913654327393,
    0.61376339197158813,
    0.78458893299102783,
    0,
    0,
    0,
    0.99999994039535522
  ],
  "projectionMatrix" : [
    1.6639959812164307,
    0,
    0.014338791370391846,
    0,
    0,
    2.2186613082885742,
    -0.0050405263900756836,
    0,
    0,
    0,
    -0.9999997615814209,
    -0.00099999981466680765,
    0,
    0,
    -1,
    0
  ],
  "frame_index" : 7,
  "intrinsics" : [
    1597.4361572265625,
    0,
    945.7347412109375,
    0,
    1597.4361572265625,
    715.87078857421875,
    0,
    0,
    1
  ],
  "averageVelocity" : 0.28900435566902161,
  "motionQuality" : 0.91373366117477417,
  "time" : 317582.16939300008,
  "averageAngularVelocity" : 0.30193212628364563
}