{
  "averageVelocity" : 0,
  "averageAngularVelocity" : 0.0271151103079319,
  "exposureDuration" : 0.0099999997764825821,
  "cameraGrain" : 0.3730413019657135,
  "projectionMatrix" : [
    1.6644667387008667,
    0,
    0.014440834522247314,
    0,
    0,
    2.2192890644073486,
    -0.0052846670150756836,
    0,
    0,
    0,
    -0.9999997615814209,
    -0.00099999981466680765,
    0,
    0,
    -1,
    0
  ],
  "intrinsics" : [
    1597.8880615234375,
    0,
    945.63677978515625,
    0,
    1597.8880615234375,
    715.69500732421875,
    0,
    0,
    1
  ],
  "time" : 317579.03249733342,
  "frame_index" : 1,
  "motionQuality" : 0.99225282669067383,
  "cameraPoseARFrame" : [
    0.9446098804473877,
    0.20919811725616455,
    -0.25288039445877075,
    0.13933759927749634,
    0.030800838023424149,
    0.7106090784072876,
    0.70291256904602051,
    0.83842933177947998,
    0.32674708962440491,
    -0.67176711559295654,
    0.66480469703674316,
    0.75110149383544922,
    0,
    0,
    0,
    1
  ]
}