{
  "time" : 317582.70234687504,
  "motionQuality" : 0.94130980968475342,
  "averageVelocity" : 0.20541565120220184,
  "projectionMatrix" : [
    1.6785887479782104,
    0,
    0.014343500137329102,
    0,
    0,
    2.2381184101104736,
    -0.0047812461853027344,
    0,
    0,
    0,
    -0.9999997615814209,
    -0.00099999981466680765,
    0,
    0,
    -1,
    0
  ],
  "cameraPoseARFrame" : [
    0.97168499231338501,
    0.15256118774414062,
    -0.18042612075805664,
    -0.11554455757141113,
    0.061521239578723907,
    0.57391399145126343,
    0.81660139560699463,
    0.59386026859283447,
    0.22813078761100769,
    -0.80457931756973267,
    0.54827773571014404,
    0.78922504186630249,
    0,
    0,
    0,
    0.99999994039535522
  ],
  "intrinsics" : [
    1611.4451904296875,
    0,
    945.730224609375,
    0,
    1611.4451904296875,
    716.0574951171875,
    0,
    0,
    1
  ],
  "frame_index" : 8,
  "cameraGrain" : 0.32553163170814514,
  "averageAngularVelocity" : 0.16592724621295929,
  "exposureDuration" : 0.0099999997764825821
}