{
  "cameraGrain" : 0.38903188705444336,
  "exposureDuration" : 0.0099999997764825821,
  "projectionMatrix" : [
    1.6390471458435059,
    0,
    0.014719784259796143,
    0,
    0,
    2.1853961944580078,
    -0.0047266483306884766,
    0,
    0,
    0,
    -0.9999997615814209,
    -0.00099999981466680765,
    0,
    0,
    -1,
    0
  ],
  "cameraPoseARFrame" : [
    0.98409223556518555,
    0.15002299845218658,
    -0.095160625874996185,
    -0.17657321691513062,
    -0.0033690633717924356,
    0.55130159854888916,
    0.83429920673370361,
    0.28135734796524048,
    0.17762625217437744,
    -0.82070684432983398,
    0.5430370569229126,
    0.92457497119903564,
    0,
    0,
    0,
    1
  ],
  "frame_index" : 11,
  "intrinsics" : [
    1573.4852294921875,
    0,
    945.3690185546875,
    0,
    1573.4852294921875,
    716.0968017578125,
    0,
    0,
    1
  ],
  "averageVelocity" : 0.12677547335624695,
  "motionQuality" : 0.96377843618392944,
  "time" : 317584.26726216672,
  "averageAngularVelocity" : 0.098316311836242676
}