{
  "averageVelocity" : 0.027864880859851837,
  "averageAngularVelocity" : 0,
  "exposureDuration" : 0.0099999997764825821,
  "cameraGrain" : 0.37078467011451721,
  "projectionMatrix" : [
    1.6639959812164307,
    0,
    0.014448583126068115,
    0,
    0,
    2.2186613082885742,
    -0.0053002834320068359,
    0,
    0,
    0,
    -0.9999997615814209,
    -0.00099999981466680765,
    0,
    0,
    -1,
    0
  ],
  "intrinsics" : [
    1597.4361572265625,
    0,
    945.62933349609375,
    0,
    1597.4361572265625,
    715.683837890625,
    0,
    0,
    1
  ],
  "time" : 317579.56731583341,
  "frame_index" : 2,
  "motionQuality" : 0.99203860759735107,
  "cameraPoseARFrame" : [
    0.94703245162963867,
    0.20530021190643311,
    -0.24694396555423737,
    0.13533386588096619,
    0.026770273223519325,
    0.71582037210464478,
    0.69777113199234009,
    0.84109985828399658,
    0.32002007961273193,
    -0.66742271184921265,
    0.67240911722183228,
    0.76017439365386963,
    0,
    0,
    0,
    1
  ]
}