{
  "motionQuality" : 0.95532625913619995,
  "averageAngularVelocity" : 0.117359958589077,
  "cameraGrain" : 0.33389914035797119,
  "projectionMatrix" : [
    1.6621130704879761,
    0,
    0.014861345291137695,
    0,
    0,
    2.2161507606506348,
    -0.0052053928375244141,
    0,
    0,
    0,
    -0.9999997615814209,
    -0.00099999981466680765,
    0,
    0,
    -1,
    0
  ],
  "time" : 317587.33727708342,
  "frame_index" : 17,
  "cameraPoseARFrame" : [
    0.57091325521469116,
    0.61782854795455933,
    -0.54069030284881592,
    -0.15617704391479492,
    -0.045835558325052261,
    0.68152505159378052,
    0.73035794496536255,
    0.81081151962280273,
    0.81972992420196533,
    -0.39218816161155701,
    0.41741010546684265,
    0.5074002742767334,
    0,
    0,
    0,
    1
  ],
  "exposureDuration" : 0.0099999997764825821,
  "averageVelocity" : 0.15635804831981659,
  "intrinsics" : [
    1595.6285400390625,
    0,
    945.23309326171875,
    0,
    1595.6285400390625,
    715.7520751953125,
    0,
    0,
    1
  ]
}