{
  "motionQuality" : 0.86908966302871704,
  "averageAngularVelocity" : 0.11403527110815048,
  "cameraGrain" : 0.37758040428161621,
  "cameraPoseARFrame" : [
    0.98329484462738037,
    0.15724511444568634,
    -0.091679319739341736,
    -0.16543233394622803,
    -0.010804425925016403,
    0.55321294069290161,
    0.83296966552734375,
    0.39412379264831543,
    0.18169863522052765,
    -0.81806433200836182,
    0.54567033052444458,
    0.9057433009147644,
    0,
    0,
    0,
    1
  ],
  "projectionMatrix" : [
    1.661171555519104,
    0,
    0.014758646488189697,
    0,
    0,
    2.214895486831665,
    -0.0047385692596435547,
    0,
    0,
    0,
    -0.9999997615814209,
    -0.00099999981466680765,
    0,
    0,
    -1,
    0
  ],
  "frame_index" : 12,
  "time" : 317584.76930879173,
  "exposureDuration" : 0.0099999997764825821,
  "averageVelocity" : 0.45818617939949036,
  "intrinsics" : [
    1594.7247314453125,
    0,
    945.33172607421875,
    0,
    1594.7247314453125,
    716.08819580078125,
    0,
    0,
    1
  ]
}