{
  "motionQuality" : 0.89576023817062378,
  "averageAngularVelocity" : 0.36483919620513916,
  "cameraGrain" : 0.30186989903450012,
  "projectionMatrix" : [
    1.66164231300354,
    0,
    0.015050768852233887,
    0,
    0,
    2.2155230045318604,
    -0.0051989555358886719,
    0,
    0,
    0,
    -0.9999997615814209,
    -0.00099999981466680765,
    0,
    0,
    -1,
    0
  ],
  "time" : 317585.80119850009,
  "frame_index" : 14,
  "cameraPoseARFrame" : [
    0.91423088312149048,
    0.34219411015510559,
    -0.21699094772338867,
    -0.17614810168743134,
    -0.075982719659805298,
    0.6708073616027832,
    0.73772901296615601,
    0.74584895372390747,
    0.39800566434860229,
    -0.65796709060668945,
    0.63927352428436279,
    0.72068732976913452,
    0,
    0,
    0,
    0.99999994039535522
  ],
  "exposureDuration" : 0.0099999997764825821,
  "averageVelocity" : 0.34981444478034973,
  "intrinsics" : [
    1595.1766357421875,
    0,
    945.05126953125,
    0,
    1595.1766357421875,
    715.75677490234375,
    0,
    0,
    1
  ]
}