{
  "motionQuality" : 0.96931588649749756,
  "time" : 317587.87040608341,
  "intrinsics" : [
    1593.8209228515625,
    0,
    945.27325439453125,
    0,
    1593.8209228515625,
    715.7099609375,
    0,
    0,
    1
  ],
  "averageAngularVelocity" : 0,
  "cameraGrain" : 0.32759329676628113,
  "exposureDuration" : 0.0099999997764825821,
  "projectionMatrix" : [
    1.6602301597595215,
    0,
    0.014819502830505371,
    0,
    0,
    2.2136402130126953,
    -0.0052639245986938477,
    0,
    0,
    0,
    -0.9999997615814209,
    -0.00099999981466680765,
    0,
    0,
    -1,
    0
  ],
  "cameraPoseARFrame" : [
    0.57906848192214966,
    0.61379855871200562,
    -0.53659224510192871,
    -0.16920626163482666,
    -0.051096126437187195,
    0.68419939279556274,
    0.72750288248062134,
    0.79794490337371826,
    0.81367623805999756,
    -0.39385613799095154,
    0.42756098508834839,
    0.50737625360488892,
    0,
    0,
    0,
    1
  ],
  "averageVelocity" : 0.10739443451166153,
  "frame_index" : 18
}