{
  "intrinsics" : [
    1598.3399658203125,
    0,
    945.1756591796875,
    0,
    1598.3399658203125,
    715.67974853515625,
    0,
    0,
    1
  ],
  "motionQuality" : 0.91979140043258667,
  "exposureDuration" : 0.0099999997764825821,
  "cameraGrain" : 0.34798866510391235,
  "averageVelocity" : 0.27531170845031738,
  "averageAngularVelocity" : 0.28073003888130188,
  "frame_index" : 19,
  "cameraPoseARFrame" : [
    0.65188133716583252,
    0.58280175924301147,
    -0.48517298698425293,
    -0.053706333041191101,
    -0.08125760406255722,
    0.68979954719543457,
    0.71942591667175293,
    0.74655044078826904,
    0.75395488739013672,
    -0.42955639958381653,
    0.49702450633049011,
    0.50146794319152832,
    0,
    0,
    0,
    1
  ],
  "projectionMatrix" : [
    1.6649374961853027,
    0,
    0.014921188354492188,
    0,
    0,
    2.2199165821075439,
    -0.0053058862686157227,
    0,
    0,
    0,
    -0.9999997615814209,
    -0.00099999981466680765,
    0,
    0,
    -1,
    0
  ],
  "time" : 317588.40451075009
}