{
  "averageVelocity" : 0.11050205677747726,
  "averageAngularVelocity" : 0.13954882323741913,
  "exposureDuration" : 0.0099999997764825821,
  "cameraGrain" : 0.34076815843582153,
  "intrinsics" : [
    1597.4361572265625,
    0,
    945.70196533203125,
    0,
    1597.4361572265625,
    715.7677001953125,
    0,
    0,
    1
  ],
  "projectionMatrix" : [
    1.6639959812164307,
    0,
    0.014372944831848145,
    0,
    0,
    2.2186613082885742,
    -0.0051836967468261719,
    0,
    0,
    0,
    -0.9999997615814209,
    -0.00099999981466680765,
    0,
    0,
    -1,
    0
  ],
  "time" : 317581.13453608338,
  "frame_index" : 5,
  "motionQuality" : 0.96012890338897705,
  "cameraPoseARFrame" : [
    0.97952550649642944,
    0.10842593759298325,
    -0.16962769627571106,
    0.074566870927810669,
    0.049448326230049133,
    0.68718951940536499,
    0.72479337453842163,
    0.80889666080474854,
    0.19515277445316315,
    -0.71834152936935425,
    0.66775810718536377,
    0.79262614250183105,
    0,
    0,
    0,
    1
  ]
}