{
  "projectionMatrix" : [
    1.66164231300354,
    0,
    0.014676034450531006,
    0,
    0,
    2.2155230045318604,
    -0.0049395561218261719,
    0,
    0,
    0,
    -0.9999997615814209,
    -0.00099999981466680765,
    0,
    0,
    -1,
    0
  ],
  "cameraGrain" : 0.33013260364532471,
  "exposureDuration" : 0.0099999997764825821,
  "frame_index" : 13,
  "intrinsics" : [
    1595.1766357421875,
    0,
    945.4110107421875,
    0,
    1595.1766357421875,
    715.94354248046875,
    0,
    0,
    1
  ],
  "motionQuality" : 0.89532899856567383,
  "time" : 317585.27054316673,
  "averageAngularVelocity" : 0.12596769630908966,
  "averageVelocity" : 0.36634847521781921,
  "cameraPoseARFrame" : [
    0.98136699199676514,
    0.15276597440242767,
    -0.11653953045606613,
    -0.1388738602399826,
    -0.0013669476611539721,
    0.61206072568893433,
    0.79080957174301147,
    0.61022466421127319,
    0.19213809072971344,
    -0.77591508626937866,
    0.6008649468421936,
    0.86069369316101074,
    0,
    0,
    0,
    0.99999994039535522
  ]
}