{
  "cameraGrain" : 0.3738025426864624,
  "cameraPoseARFrame" : [
    0.93760943412780762,
    0.22723327577114105,
    -0.26316100358963013,
    0.14280647039413452,
    0.024677751585841179,
    0.71148169040679932,
    0.7022712230682373,
    0.83651649951934814,
    0.3468136191368103,
    -0.66495031118392944,
    0.6614842414855957,
    0.7571408748626709,
    0,
    0,
    0,
    0.99999994039535522
  ],
  "frame_index" : 0,
  "projectionMatrix" : [
    1.6644667387008667,
    0,
    0.014460921287536621,
    0,
    0,
    2.2192890644073486,
    -0.0052951574325561523,
    0,
    0,
    0,
    -0.9999997615814209,
    -0.00099999981466680765,
    0,
    0,
    -1,
    0
  ],
  "time" : 317578.50011470838,
  "averageVelocity" : 0,
  "averageAngularVelocity" : 0,
  "motionQuality" : 1,
  "exposureDuration" : 0.0099999997764825821,
  "intrinsics" : [
    1597.8880615234375,
    0,
    945.61749267578125,
    0,
    1597.8880615234375,
    715.6875,
    0,
    0,
    1
  ]
}