{
  "cameraGrain" : 0.35177567601203918,
  "exposureDuration" : 0.0099999997764825821,
  "cameraPoseARFrame" : [
    0.98602092266082764,
    0.10801540315151215,
    -0.12686850130558014,
    -0.11734290421009064,
    0.046834930777549744,
    0.55104607343673706,
    0.83315944671630859,
    0.4824272096157074,
    0.15990446507930756,
    -0.82745444774627686,
    0.53828394412994385,
    0.83426755666732788,
    0,
    0,
    0,
    0.99999994039535522
  ],
  "projectionMatrix" : [
    1.661171555519104,
    0,
    0.014402270317077637,
    0,
    0,
    2.214895486831665,
    -0.0046828985214233398,
    0,
    0,
    0,
    -0.9999997615814209,
    -0.00099999981466680765,
    0,
    0,
    -1,
    0
  ],
  "frame_index" : 9,
  "intrinsics" : [
    1594.7247314453125,
    0,
    945.673828125,
    0,
    1594.7247314453125,
    716.1282958984375,
    0,
    0,
    1
  ],
  "averageVelocity" : 0.21241730451583862,
  "motionQuality" : 0.93930935859680176,
  "time" : 317583.23346483341,
  "averageAngularVelocity" : 0.16554193198680878
}