{
  "averageVelocity" : 0,
  "averageAngularVelocity" : 0.025347163900732994,
  "exposureDuration" : 0.0099999997764825821,
  "cameraGrain" : 0.37004131078720093,
  "projectionMatrix" : [
    1.6639959812164307,
    0,
    0.014427423477172852,
    0,
    0,
    2.2186613082885742,
    -0.0053117275238037109,
    0,
    0,
    0,
    -0.9999997615814209,
    -0.00099999981466680765,
    0,
    0,
    -1,
    0
  ],
  "intrinsics" : [
    1597.4361572265625,
    0,
    945.649658203125,
    0,
    1597.4361572265625,
    715.67559814453125,
    0,
    0,
    1
  ],
  "time" : 317580.09994345839,
  "frame_index" : 3,
  "motionQuality" : 0.99275797605514526,
  "cameraPoseARFrame" : [
    0.94715285301208496,
    0.20082423090934753,
    -0.25014212727546692,
    0.13166670501232147,
    0.030946603044867516,
    0.71894586086273193,
    0.69437682628631592,
    0.84268045425415039,
    0.31928634643554688,
    -0.66542208194732666,
    0.67473673820495605,
    0.76623076200485229,
    0,
    0,
    0,
    1.0000001192092896
  ]
}