{
  "averageVelocity" : 0.10864945501089096,
  "averageAngularVelocity" : 0.22599402070045471,
  "exposureDuration" : 0.0099999997764825821,
  "cameraGrain" : 0.33231714367866516,
  "intrinsics" : [
    1597.4361572265625,
    0,
    945.83929443359375,
    0,
    1597.4361572265625,
    715.7017822265625,
    0,
    0,
    1
  ],
  "projectionMatrix" : [
    1.6639959812164307,
    0,
    0.014229893684387207,
    0,
    0,
    2.2186613082885742,
    -0.0052752494812011719,
    0,
    0,
    0,
    -0.9999997615814209,
    -0.00099999981466680765,
    0,
    0,
    -1,
    0
  ],
  "time" : 317581.66637754173,
  "motionQuality" : 0.93543028831481934,
  "frame_index" : 6,
  "cameraPoseARFrame" : [
    0.98568761348724365,
    0.058742329478263855,
    -0.1580173522233963,
    0.047434277832508087,
    0.070896424353122711,
    0.70597153902053833,
    0.70468282699584961,
    0.78401488065719604,
    0.15295043587684631,
    -0.70580005645751953,
    0.69170266389846802,
    0.81672173738479614,
    0,
    0,
    0,
    1
  ]
}