{
  "motionQuality" : 0.90812122821807861,
  "averageAngularVelocity" : 0.2172023206949234,
  "cameraGrain" : 0.37787577509880066,
  "projectionMatrix" : [
    1.66164231300354,
    0,
    0.014755964279174805,
    0,
    0,
    2.2155230045318604,
    -0.004761815071105957,
    0,
    0,
    0,
    -0.9999997615814209,
    -0.00099999981466680765,
    0,
    0,
    -1,
    0
  ],
  "time" : 317583.73406491673,
  "frame_index" : 10,
  "cameraPoseARFrame" : [
    0.99181073904037476,
    0.11305803805589676,
    -0.059408269822597504,
    -0.13466814160346985,
    -0.014490826986730099,
    0.56177049875259399,
    0.82716619968414307,
    0.3734745979309082,
    0.1268915981054306,
    -0.81953144073486328,
    0.55880832672119141,
    0.88740050792694092,
    0,
    0,
    0,
    1
  ],
  "exposureDuration" : 0.0099999997764825821,
  "averageVelocity" : 0.32157570123672485,
  "intrinsics" : [
    1595.1766357421875,
    0,
    945.33428955078125,
    0,
    1595.1766357421875,
    716.071533203125,
    0,
    0,
    1
  ]
}