{
  "averageVelocity" : 0.12541039288043976,
  "averageAngularVelocity" : 0.13154536485671997,
  "exposureDuration" : 0.0099999997764825821,
  "cameraGrain" : 0.35282471776008606,
  "intrinsics" : [
    1597.8880615234375,
    0,
    944.97052001953125,
    0,
    1597.8880615234375,
    715.87640380859375,
    0,
    0,
    1
  ],
  "projectionMatrix" : [
    1.6644667387008667,
    0,
    0.015134871006011963,
    0,
    0,
    2.2192890644073486,
    -0.0050327777862548828,
    0,
    0,
    0,
    -0.9999997615814209,
    -0.00099999981466680765,
    0,
    0,
    -1,
    0
  ],
  "time" : 317588.93768629176,
  "frame_index" : 20,
  "motionQuality" : 0.96241563558578491,
  "cameraPoseARFrame" : [
    0.68716871738433838,
    0.61105048656463623,
    -0.39295873045921326,
    0.053660646080970764,
    -0.098035268485546112,
    0.61393994092941284,
    0.78324121236801147,
    0.65474128723144531,
    0.71985304355621338,
    -0.49969500303268433,
    0.48178470134735107,
    0.46468088030815125,
    0,
    0,
    0,
    1
  ]
}