{
  "averageVelocity" : 0,
  "averageAngularVelocity" : 0.035312611609697342,
  "exposureDuration" : 0.0099999997764825821,
  "cameraGrain" : 0.36495652794837952,
  "projectionMatrix" : [
    1.6639959812164307,
    0,
    0.014412045478820801,
    0,
    0,
    2.2186613082885742,
    -0.0053075551986694336,
    0,
    0,
    0,
    -0.9999997615814209,
    -0.00099999981466680765,
    0,
    0,
    -1,
    0
  ],
  "intrinsics" : [
    1597.4361572265625,
    0,
    945.6644287109375,
    0,
    1597.4361572265625,
    715.67852783203125,
    0,
    0,
    1
  ],
  "time" : 317580.60139591672,
  "frame_index" : 4,
  "motionQuality" : 0.98355495929718018,
  "cameraPoseARFrame" : [
    0.94932764768600464,
    0.19299091398715973,
    -0.24805571138858795,
    0.12194965034723282,
    0.036092326045036316,
    0.71709620952606201,
    0.69603908061981201,
    0.83832526206970215,
    0.31220901012420654,
    -0.66972208023071289,
    0.67379367351531982,
    0.769237220287323,
    0,
    0,
    0,
    1.0000001192092896
  ]
}