{
  "averageVelocity" : 0.18809393048286438,
  "averageAngularVelocity" : 0.072353415191173553,
  "exposureDuration" : 0.0099999997764825821,
  "cameraGrain" : 0.34563848376274109,
  "intrinsics" : [
    1589.3018798828125,
    0,
    944.98455810546875,
    0,
    1589.3018798828125,
    715.9190673828125,
    0,
    0,
    1
  ],
  "projectionMatrix" : [
    1.6555228233337402,
    0,
    0.015120267868041992,
    0,
    0,
    2.2073636054992676,
    -0.0049735307693481445,
    0,
    0,
    0,
    -0.9999997615814209,
    -0.00099999981466680765,
    0,
    0,
    -1,
    0
  ],
  "time" : 317589.46971962508,
  "frame_index" : 21,
  "motionQuality" : 0.94625890254974365,
  "cameraPoseARFrame" : [
    0.70837825536727905,
    0.59600228071212769,
    -0.37812894582748413,
    0.031162157654762268,
    -0.091131106019020081,
    0.60846441984176636,
    0.78833121061325073,
    0.68720436096191406,
    0.69992524385452271,
    -0.52397739887237549,
    0.48533728718757629,
    0.48934626579284668,
    0,
    0,
    0,
    1
  ]
}