{
  "motionQuality" : 0.88881891965866089,
  "averageAngularVelocity" : 0.38913369178771973,
  "cameraGrain" : 0.32298579812049866,
  "cameraPoseARFrame" : [
    0.80575722455978394,
    0.44815850257873535,
    -0.38718137145042419,
    -0.13044479489326477,
    -0.052279379218816757,
    0.70502108335494995,
    0.70725679397583008,
    0.80431890487670898,
    0.58993417024612427,
    -0.54963564872741699,
    0.59150511026382446,
    0.60349875688552856,
    0,
    0,
    0,
    1.0000001192092896
  ],
  "time" : 317586.30149695842,
  "frame_index" : 15,
  "projectionMatrix" : [
    1.6621130704879761,
    0,
    0.01489633321762085,
    0,
    0,
    2.2161507606506348,
    -0.0053205490112304688,
    0,
    0,
    0,
    -0.9999997615814209,
    -0.00099999981466680765,
    0,
    0,
    -1,
    0
  ],
  "exposureDuration" : 0.0099999997764825821,
  "averageVelocity" : 0.29189044237136841,
  "intrinsics" : [
    1595.6285400390625,
    0,
    945.19952392578125,
    0,
    1595.6285400390625,
    715.669189453125,
    0,
    0,
    1
  ]
}