{
  "averageVelocity" : 0.12146639078855515,
  "cameraPoseARFrame" : [
    0.69135713577270508,
    0.53186666965484619,
    -0.48902279138565063,
    -0.10018585622310638,
    -0.041132517158985138,
    0.70471137762069702,
    0.70830082893371582,
    0.82424521446228027,
    0.72134149074554443,
    -0.46957406401634216,
    0.50908410549163818,
    0.52376949787139893,
    0,
    0,
    0,
    1.0000001192092896
  ],
  "averageAngularVelocity" : 0.30340641736984253,
  "projectionMatrix" : [
    1.6621130704879761,
    0,
    0.014830052852630615,
    0,
    0,
    2.2161507606506348,
    -0.0053133964538574219,
    0,
    0,
    0,
    -0.9999997615814209,
    -0.00099999981466680765,
    0,
    0,
    -1,
    0
  ],
  "cameraGrain" : 0.35123187303543091,
  "motionQuality" : 0.91331243515014648,
  "frame_index" : 16,
  "time" : 317586.80340387509,
  "exposureDuration" : 0.0099999997764825821,
  "intrinsics" : [
    1595.6285400390625,
    0,
    945.26312255859375,
    0,
    1595.6285400390625,
    715.67437744140625,
    0,
    0,
    1
  ]
}